{"cameraMode":{"drawMode":0,"name":"Shaded","section":"Shading Mode"},"sceneLighting":false,"audioPlay":false,"sceneViewState":{"showFog":true,"showMaterialUpdate":false,"showSkybox":false,"showFlares":true,"showImageEffects":true,"showParticleSystems":true},"in2DMode":false,"pivot":{"x":-0.41485100984573367,"y":0.23800534009933473,"z":0.15954136848449708},"rotation":{"x":-0.10059121251106262,"y":-0.03074261173605919,"z":0.003109231824055314,"w":-0.9944539070129395},"size":0.7970702052116394,"orthographic":false}