{"cameraMode":{"drawMode":0,"name":"Shaded","section":"Shading Mode"},"sceneLighting":true,"audioPlay":false,"sceneViewState":{"showFog":true,"showMaterialUpdate":false,"showSkybox":true,"showFlares":true,"showImageEffects":true,"showParticleSystems":true},"in2DMode":false,"pivot":{"x":20.91600227355957,"y":0.9850000143051148,"z":13.951108932495118},"rotation":{"x":-0.22778141498565675,"y":-0.014657893218100071,"z":0.0033509021159261467,"w":-0.9736623167991638},"size":3.1464409828186037,"orthographic":false}